{"cameraMode":{"drawMode":0,"name":"Shaded","section":"Shading Mode"},"sceneLighting":true,"audioPlay":false,"sceneViewState":{"m_AlwaysRefresh":false,"showFog":true,"showSkybox":true,"showFlares":true,"showImageEffects":true,"showParticleSystems":true,"showVisualEffectGraphs":true,"m_FxEnabled":true},"in2DMode":false,"pivot":{"x":-0.12328922748565674,"y":0.255995512008667,"z":-0.10757946968078613},"rotation":{"x":-0.12633097171783448,"y":-0.19886209070682527,"z":0.025858676061034204,"w":-0.9715127944946289},"size":2.885432004928589,"orthographic":false}